Date,Product,Competitor,Price,URL
2026-06-22,10000mAh USB-C Fast Charging Power Bank,Anker,796,https://example-store.com/anker-10000mah
2026-06-23,10000mAh USB-C Fast Charging Power Bank,Anker,788,https://example-store.com/anker-10000mah
2026-06-24,10000mAh USB-C Fast Charging Power Bank,Anker,798,https://example-store.com/anker-10000mah
2026-06-25,10000mAh USB-C Fast Charging Power Bank,Anker,808,https://example-store.com/anker-10000mah
2026-06-26,10000mAh USB-C Fast Charging Power Bank,Anker,787,https://example-store.com/anker-10000mah
2026-06-27,10000mAh USB-C Fast Charging Power Bank,Anker,787,https://example-store.com/anker-10000mah
2026-06-28,10000mAh USB-C Fast Charging Power Bank,Anker,809,https://example-store.com/anker-10000mah
2026-06-29,10000mAh USB-C Fast Charging Power Bank,Anker,799,https://example-store.com/anker-10000mah
2026-06-30,10000mAh USB-C Fast Charging Power Bank,Anker,784,https://example-store.com/anker-10000mah
2026-07-01,10000mAh USB-C Fast Charging Power Bank,Anker,796,https://example-store.com/anker-10000mah
2026-07-02,10000mAh USB-C Fast Charging Power Bank,Anker,785,https://example-store.com/anker-10000mah
2026-07-03,10000mAh USB-C Fast Charging Power Bank,Anker,784,https://example-store.com/anker-10000mah
2026-07-04,10000mAh USB-C Fast Charging Power Bank,Anker,793,https://example-store.com/anker-10000mah
2026-07-05,10000mAh USB-C Fast Charging Power Bank,Anker,767,https://example-store.com/anker-10000mah
2026-07-06,10000mAh USB-C Fast Charging Power Bank,Anker,770,https://example-store.com/anker-10000mah
2026-07-07,10000mAh USB-C Fast Charging Power Bank,Anker,695,https://example-store.com/anker-10000mah
2026-07-08,10000mAh USB-C Fast Charging Power Bank,Anker,695,https://example-store.com/anker-10000mah
2026-07-09,10000mAh USB-C Fast Charging Power Bank,Anker,695,https://example-store.com/anker-10000mah
2026-07-10,10000mAh USB-C Fast Charging Power Bank,Anker,695,https://example-store.com/anker-10000mah
2026-07-11,10000mAh USB-C Fast Charging Power Bank,Anker,773,https://example-store.com/anker-10000mah
2026-07-12,10000mAh USB-C Fast Charging Power Bank,Anker,807,https://example-store.com/anker-10000mah
2026-07-13,10000mAh USB-C Fast Charging Power Bank,Anker,787,https://example-store.com/anker-10000mah
2026-07-14,10000mAh USB-C Fast Charging Power Bank,Anker,791,https://example-store.com/anker-10000mah
2026-07-15,10000mAh USB-C Fast Charging Power Bank,Anker,773,https://example-store.com/anker-10000mah
2026-07-16,10000mAh USB-C Fast Charging Power Bank,Anker,784,https://example-store.com/anker-10000mah
2026-07-17,10000mAh USB-C Fast Charging Power Bank,Anker,791,https://example-store.com/anker-10000mah
2026-07-18,10000mAh USB-C Fast Charging Power Bank,Anker,776,https://example-store.com/anker-10000mah
2026-07-19,10000mAh USB-C Fast Charging Power Bank,Anker,794,https://example-store.com/anker-10000mah
2026-07-20,10000mAh USB-C Fast Charging Power Bank,Anker,783,https://example-store.com/anker-10000mah
2026-07-21,10000mAh USB-C Fast Charging Power Bank,Anker,787,https://example-store.com/anker-10000mah
2026-07-22,10000mAh USB-C Fast Charging Power Bank,Anker,783,https://example-store.com/anker-10000mah
2026-07-23,10000mAh USB-C Fast Charging Power Bank,Anker,812,https://example-store.com/anker-10000mah
2026-07-24,10000mAh USB-C Fast Charging Power Bank,Anker,790,https://example-store.com/anker-10000mah
2026-07-25,10000mAh USB-C Fast Charging Power Bank,Anker,777,https://example-store.com/anker-10000mah
2026-07-26,10000mAh USB-C Fast Charging Power Bank,Anker,800,https://example-store.com/anker-10000mah
2026-07-27,10000mAh USB-C Fast Charging Power Bank,Anker,776,https://example-store.com/anker-10000mah
2026-07-28,10000mAh USB-C Fast Charging Power Bank,Anker,792,https://example-store.com/anker-10000mah
2026-07-29,10000mAh USB-C Fast Charging Power Bank,Anker,767,https://example-store.com/anker-10000mah
2026-07-30,10000mAh USB-C Fast Charging Power Bank,Anker,774,https://example-store.com/anker-10000mah
2026-07-31,10000mAh USB-C Fast Charging Power Bank,Anker,792,https://example-store.com/anker-10000mah
2026-08-01,10000mAh USB-C Fast Charging Power Bank,Anker,799,https://example-store.com/anker-10000mah
2026-08-02,10000mAh USB-C Fast Charging Power Bank,Anker,792,https://example-store.com/anker-10000mah
2026-08-03,10000mAh USB-C Fast Charging Power Bank,Anker,789,https://example-store.com/anker-10000mah
2026-08-04,10000mAh USB-C Fast Charging Power Bank,Anker,786,https://example-store.com/anker-10000mah
2026-08-05,10000mAh USB-C Fast Charging Power Bank,Anker,772,https://example-store.com/anker-10000mah
2026-08-06,10000mAh USB-C Fast Charging Power Bank,Anker,781,https://example-store.com/anker-10000mah
2026-08-07,10000mAh USB-C Fast Charging Power Bank,Anker,785,https://example-store.com/anker-10000mah
2026-08-08,10000mAh USB-C Fast Charging Power Bank,Anker,803,https://example-store.com/anker-10000mah
2026-08-09,10000mAh USB-C Fast Charging Power Bank,Anker,794,https://example-store.com/anker-10000mah
2026-08-10,10000mAh USB-C Fast Charging Power Bank,Anker,769,https://example-store.com/anker-10000mah
2026-08-11,10000mAh USB-C Fast Charging Power Bank,Anker,794,https://example-store.com/anker-10000mah
2026-08-12,10000mAh USB-C Fast Charging Power Bank,Anker,785,https://example-store.com/anker-10000mah
2026-08-13,10000mAh USB-C Fast Charging Power Bank,Anker,782,https://example-store.com/anker-10000mah
2026-08-14,10000mAh USB-C Fast Charging Power Bank,Anker,797,https://example-store.com/anker-10000mah
2026-08-15,10000mAh USB-C Fast Charging Power Bank,Anker,802,https://example-store.com/anker-10000mah
2026-08-16,10000mAh USB-C Fast Charging Power Bank,Anker,801,https://example-store.com/anker-10000mah
2026-08-17,10000mAh USB-C Fast Charging Power Bank,Anker,780,https://example-store.com/anker-10000mah
2026-08-18,10000mAh USB-C Fast Charging Power Bank,Anker,786,https://example-store.com/anker-10000mah
2026-08-19,10000mAh USB-C Fast Charging Power Bank,Anker,794,https://example-store.com/anker-10000mah
2026-08-20,10000mAh USB-C Fast Charging Power Bank,Anker,802,https://example-store.com/anker-10000mah
2026-06-22,10000mAh USB-C Fast Charging Power Bank,Xiaomi,486,https://example-store.com/xiaomi-10000mah
2026-06-23,10000mAh USB-C Fast Charging Power Bank,Xiaomi,489,https://example-store.com/xiaomi-10000mah
2026-06-24,10000mAh USB-C Fast Charging Power Bank,Xiaomi,482,https://example-store.com/xiaomi-10000mah
2026-06-25,10000mAh USB-C Fast Charging Power Bank,Xiaomi,481,https://example-store.com/xiaomi-10000mah
2026-06-26,10000mAh USB-C Fast Charging Power Bank,Xiaomi,496,https://example-store.com/xiaomi-10000mah
2026-06-27,10000mAh USB-C Fast Charging Power Bank,Xiaomi,500,https://example-store.com/xiaomi-10000mah
2026-06-28,10000mAh USB-C Fast Charging Power Bank,Xiaomi,489,https://example-store.com/xiaomi-10000mah
2026-06-29,10000mAh USB-C Fast Charging Power Bank,Xiaomi,497,https://example-store.com/xiaomi-10000mah
2026-06-30,10000mAh USB-C Fast Charging Power Bank,Xiaomi,493,https://example-store.com/xiaomi-10000mah
2026-07-01,10000mAh USB-C Fast Charging Power Bank,Xiaomi,485,https://example-store.com/xiaomi-10000mah
2026-07-02,10000mAh USB-C Fast Charging Power Bank,Xiaomi,493,https://example-store.com/xiaomi-10000mah
2026-07-03,10000mAh USB-C Fast Charging Power Bank,Xiaomi,501,https://example-store.com/xiaomi-10000mah
2026-07-04,10000mAh USB-C Fast Charging Power Bank,Xiaomi,490,https://example-store.com/xiaomi-10000mah
2026-07-05,10000mAh USB-C Fast Charging Power Bank,Xiaomi,502,https://example-store.com/xiaomi-10000mah
2026-07-06,10000mAh USB-C Fast Charging Power Bank,Xiaomi,471,https://example-store.com/xiaomi-10000mah
2026-07-07,10000mAh USB-C Fast Charging Power Bank,Xiaomi,496,https://example-store.com/xiaomi-10000mah
2026-07-08,10000mAh USB-C Fast Charging Power Bank,Xiaomi,491,https://example-store.com/xiaomi-10000mah
2026-07-09,10000mAh USB-C Fast Charging Power Bank,Xiaomi,488,https://example-store.com/xiaomi-10000mah
2026-07-10,10000mAh USB-C Fast Charging Power Bank,Xiaomi,491,https://example-store.com/xiaomi-10000mah
2026-07-11,10000mAh USB-C Fast Charging Power Bank,Xiaomi,475,https://example-store.com/xiaomi-10000mah
2026-07-12,10000mAh USB-C Fast Charging Power Bank,Xiaomi,488,https://example-store.com/xiaomi-10000mah
2026-07-13,10000mAh USB-C Fast Charging Power Bank,Xiaomi,493,https://example-store.com/xiaomi-10000mah
2026-07-14,10000mAh USB-C Fast Charging Power Bank,Xiaomi,501,https://example-store.com/xiaomi-10000mah
2026-07-15,10000mAh USB-C Fast Charging Power Bank,Xiaomi,486,https://example-store.com/xiaomi-10000mah
2026-07-16,10000mAh USB-C Fast Charging Power Bank,Xiaomi,484,https://example-store.com/xiaomi-10000mah
2026-07-17,10000mAh USB-C Fast Charging Power Bank,Xiaomi,486,https://example-store.com/xiaomi-10000mah
2026-07-18,10000mAh USB-C Fast Charging Power Bank,Xiaomi,497,https://example-store.com/xiaomi-10000mah
2026-07-19,10000mAh USB-C Fast Charging Power Bank,Xiaomi,492,https://example-store.com/xiaomi-10000mah
2026-07-20,10000mAh USB-C Fast Charging Power Bank,Xiaomi,486,https://example-store.com/xiaomi-10000mah
2026-07-21,10000mAh USB-C Fast Charging Power Bank,Xiaomi,494,https://example-store.com/xiaomi-10000mah
2026-07-22,10000mAh USB-C Fast Charging Power Bank,Xiaomi,451,https://example-store.com/xiaomi-10000mah
2026-07-23,10000mAh USB-C Fast Charging Power Bank,Xiaomi,451,https://example-store.com/xiaomi-10000mah
2026-07-24,10000mAh USB-C Fast Charging Power Bank,Xiaomi,451,https://example-store.com/xiaomi-10000mah
2026-07-25,10000mAh USB-C Fast Charging Power Bank,Xiaomi,488,https://example-store.com/xiaomi-10000mah
2026-07-26,10000mAh USB-C Fast Charging Power Bank,Xiaomi,487,https://example-store.com/xiaomi-10000mah
2026-07-27,10000mAh USB-C Fast Charging Power Bank,Xiaomi,479,https://example-store.com/xiaomi-10000mah
2026-07-28,10000mAh USB-C Fast Charging Power Bank,Xiaomi,492,https://example-store.com/xiaomi-10000mah
2026-07-29,10000mAh USB-C Fast Charging Power Bank,Xiaomi,492,https://example-store.com/xiaomi-10000mah
2026-07-30,10000mAh USB-C Fast Charging Power Bank,Xiaomi,490,https://example-store.com/xiaomi-10000mah
2026-07-31,10000mAh USB-C Fast Charging Power Bank,Xiaomi,488,https://example-store.com/xiaomi-10000mah
2026-08-01,10000mAh USB-C Fast Charging Power Bank,Xiaomi,480,https://example-store.com/xiaomi-10000mah
2026-08-02,10000mAh USB-C Fast Charging Power Bank,Xiaomi,487,https://example-store.com/xiaomi-10000mah
2026-08-03,10000mAh USB-C Fast Charging Power Bank,Xiaomi,487,https://example-store.com/xiaomi-10000mah
2026-08-04,10000mAh USB-C Fast Charging Power Bank,Xiaomi,484,https://example-store.com/xiaomi-10000mah
2026-08-05,10000mAh USB-C Fast Charging Power Bank,Xiaomi,489,https://example-store.com/xiaomi-10000mah
2026-08-06,10000mAh USB-C Fast Charging Power Bank,Xiaomi,493,https://example-store.com/xiaomi-10000mah
2026-08-07,10000mAh USB-C Fast Charging Power Bank,Xiaomi,504,https://example-store.com/xiaomi-10000mah
2026-08-08,10000mAh USB-C Fast Charging Power Bank,Xiaomi,491,https://example-store.com/xiaomi-10000mah
2026-08-09,10000mAh USB-C Fast Charging Power Bank,Xiaomi,492,https://example-store.com/xiaomi-10000mah
2026-08-10,10000mAh USB-C Fast Charging Power Bank,Xiaomi,489,https://example-store.com/xiaomi-10000mah
2026-08-11,10000mAh USB-C Fast Charging Power Bank,Xiaomi,476,https://example-store.com/xiaomi-10000mah
2026-08-12,10000mAh USB-C Fast Charging Power Bank,Xiaomi,490,https://example-store.com/xiaomi-10000mah
2026-08-13,10000mAh USB-C Fast Charging Power Bank,Xiaomi,490,https://example-store.com/xiaomi-10000mah
2026-08-14,10000mAh USB-C Fast Charging Power Bank,Xiaomi,508,https://example-store.com/xiaomi-10000mah
2026-08-15,10000mAh USB-C Fast Charging Power Bank,Xiaomi,489,https://example-store.com/xiaomi-10000mah
2026-08-16,10000mAh USB-C Fast Charging Power Bank,Xiaomi,492,https://example-store.com/xiaomi-10000mah
2026-08-17,10000mAh USB-C Fast Charging Power Bank,Xiaomi,490,https://example-store.com/xiaomi-10000mah
2026-08-18,10000mAh USB-C Fast Charging Power Bank,Xiaomi,481,https://example-store.com/xiaomi-10000mah
2026-08-19,10000mAh USB-C Fast Charging Power Bank,Xiaomi,498,https://example-store.com/xiaomi-10000mah
2026-08-20,10000mAh USB-C Fast Charging Power Bank,Xiaomi,496,https://example-store.com/xiaomi-10000mah
2026-06-22,10000mAh USB-C Fast Charging Power Bank,ROMOSS,455,https://example-store.com/romoss-10000mah
2026-06-23,10000mAh USB-C Fast Charging Power Bank,ROMOSS,444,https://example-store.com/romoss-10000mah
2026-06-24,10000mAh USB-C Fast Charging Power Bank,ROMOSS,459,https://example-store.com/romoss-10000mah
2026-06-25,10000mAh USB-C Fast Charging Power Bank,ROMOSS,441,https://example-store.com/romoss-10000mah
2026-06-26,10000mAh USB-C Fast Charging Power Bank,ROMOSS,454,https://example-store.com/romoss-10000mah
2026-06-27,10000mAh USB-C Fast Charging Power Bank,ROMOSS,465,https://example-store.com/romoss-10000mah
2026-06-28,10000mAh USB-C Fast Charging Power Bank,ROMOSS,443,https://example-store.com/romoss-10000mah
2026-06-29,10000mAh USB-C Fast Charging Power Bank,ROMOSS,446,https://example-store.com/romoss-10000mah
2026-06-30,10000mAh USB-C Fast Charging Power Bank,ROMOSS,451,https://example-store.com/romoss-10000mah
2026-07-01,10000mAh USB-C Fast Charging Power Bank,ROMOSS,447,https://example-store.com/romoss-10000mah
2026-07-02,10000mAh USB-C Fast Charging Power Bank,ROMOSS,440,https://example-store.com/romoss-10000mah
2026-07-03,10000mAh USB-C Fast Charging Power Bank,ROMOSS,450,https://example-store.com/romoss-10000mah
2026-07-04,10000mAh USB-C Fast Charging Power Bank,ROMOSS,443,https://example-store.com/romoss-10000mah
2026-07-05,10000mAh USB-C Fast Charging Power Bank,ROMOSS,453,https://example-store.com/romoss-10000mah
2026-07-06,10000mAh USB-C Fast Charging Power Bank,ROMOSS,444,https://example-store.com/romoss-10000mah
2026-07-07,10000mAh USB-C Fast Charging Power Bank,ROMOSS,460,https://example-store.com/romoss-10000mah
2026-07-08,10000mAh USB-C Fast Charging Power Bank,ROMOSS,445,https://example-store.com/romoss-10000mah
2026-07-09,10000mAh USB-C Fast Charging Power Bank,ROMOSS,448,https://example-store.com/romoss-10000mah
2026-07-10,10000mAh USB-C Fast Charging Power Bank,ROMOSS,455,https://example-store.com/romoss-10000mah
2026-07-11,10000mAh USB-C Fast Charging Power Bank,ROMOSS,442,https://example-store.com/romoss-10000mah
2026-07-12,10000mAh USB-C Fast Charging Power Bank,ROMOSS,452,https://example-store.com/romoss-10000mah
2026-07-13,10000mAh USB-C Fast Charging Power Bank,ROMOSS,459,https://example-store.com/romoss-10000mah
2026-07-14,10000mAh USB-C Fast Charging Power Bank,ROMOSS,439,https://example-store.com/romoss-10000mah
2026-07-15,10000mAh USB-C Fast Charging Power Bank,ROMOSS,451,https://example-store.com/romoss-10000mah
2026-07-16,10000mAh USB-C Fast Charging Power Bank,ROMOSS,452,https://example-store.com/romoss-10000mah
2026-07-17,10000mAh USB-C Fast Charging Power Bank,ROMOSS,455,https://example-store.com/romoss-10000mah
2026-07-18,10000mAh USB-C Fast Charging Power Bank,ROMOSS,442,https://example-store.com/romoss-10000mah
2026-07-19,10000mAh USB-C Fast Charging Power Bank,ROMOSS,441,https://example-store.com/romoss-10000mah
2026-07-20,10000mAh USB-C Fast Charging Power Bank,ROMOSS,454,https://example-store.com/romoss-10000mah
2026-07-21,10000mAh USB-C Fast Charging Power Bank,ROMOSS,452,https://example-store.com/romoss-10000mah
2026-07-22,10000mAh USB-C Fast Charging Power Bank,ROMOSS,452,https://example-store.com/romoss-10000mah
2026-07-23,10000mAh USB-C Fast Charging Power Bank,ROMOSS,452,https://example-store.com/romoss-10000mah
2026-07-24,10000mAh USB-C Fast Charging Power Bank,ROMOSS,445,https://example-store.com/romoss-10000mah
2026-07-25,10000mAh USB-C Fast Charging Power Bank,ROMOSS,452,https://example-store.com/romoss-10000mah
2026-07-26,10000mAh USB-C Fast Charging Power Bank,ROMOSS,452,https://example-store.com/romoss-10000mah
2026-07-27,10000mAh USB-C Fast Charging Power Bank,ROMOSS,445,https://example-store.com/romoss-10000mah
2026-07-28,10000mAh USB-C Fast Charging Power Bank,ROMOSS,463,https://example-store.com/romoss-10000mah
2026-07-29,10000mAh USB-C Fast Charging Power Bank,ROMOSS,453,https://example-store.com/romoss-10000mah
2026-07-30,10000mAh USB-C Fast Charging Power Bank,ROMOSS,442,https://example-store.com/romoss-10000mah
2026-07-31,10000mAh USB-C Fast Charging Power Bank,ROMOSS,454,https://example-store.com/romoss-10000mah
2026-08-01,10000mAh USB-C Fast Charging Power Bank,ROMOSS,443,https://example-store.com/romoss-10000mah
2026-08-02,10000mAh USB-C Fast Charging Power Bank,ROMOSS,455,https://example-store.com/romoss-10000mah
2026-08-03,10000mAh USB-C Fast Charging Power Bank,ROMOSS,458,https://example-store.com/romoss-10000mah
2026-08-04,10000mAh USB-C Fast Charging Power Bank,ROMOSS,444,https://example-store.com/romoss-10000mah
2026-08-05,10000mAh USB-C Fast Charging Power Bank,ROMOSS,457,https://example-store.com/romoss-10000mah
2026-08-06,10000mAh USB-C Fast Charging Power Bank,ROMOSS,382,https://example-store.com/romoss-10000mah
2026-08-07,10000mAh USB-C Fast Charging Power Bank,ROMOSS,382,https://example-store.com/romoss-10000mah
2026-08-08,10000mAh USB-C Fast Charging Power Bank,ROMOSS,382,https://example-store.com/romoss-10000mah
2026-08-09,10000mAh USB-C Fast Charging Power Bank,ROMOSS,382,https://example-store.com/romoss-10000mah
2026-08-10,10000mAh USB-C Fast Charging Power Bank,ROMOSS,382,https://example-store.com/romoss-10000mah
2026-08-11,10000mAh USB-C Fast Charging Power Bank,ROMOSS,444,https://example-store.com/romoss-10000mah
2026-08-12,10000mAh USB-C Fast Charging Power Bank,ROMOSS,444,https://example-store.com/romoss-10000mah
2026-08-13,10000mAh USB-C Fast Charging Power Bank,ROMOSS,449,https://example-store.com/romoss-10000mah
2026-08-14,10000mAh USB-C Fast Charging Power Bank,ROMOSS,452,https://example-store.com/romoss-10000mah
2026-08-15,10000mAh USB-C Fast Charging Power Bank,ROMOSS,452,https://example-store.com/romoss-10000mah
2026-08-16,10000mAh USB-C Fast Charging Power Bank,ROMOSS,456,https://example-store.com/romoss-10000mah
2026-08-17,10000mAh USB-C Fast Charging Power Bank,ROMOSS,450,https://example-store.com/romoss-10000mah
2026-08-18,10000mAh USB-C Fast Charging Power Bank,ROMOSS,460,https://example-store.com/romoss-10000mah
2026-08-19,10000mAh USB-C Fast Charging Power Bank,ROMOSS,448,https://example-store.com/romoss-10000mah
2026-08-20,10000mAh USB-C Fast Charging Power Bank,ROMOSS,468,https://example-store.com/romoss-10000mah
2026-06-22,10000mAh USB-C Fast Charging Power Bank,PhoneMax,596,https://example-store.com/phonemax-10000mah
2026-06-23,10000mAh USB-C Fast Charging Power Bank,PhoneMax,582,https://example-store.com/phonemax-10000mah
2026-06-24,10000mAh USB-C Fast Charging Power Bank,PhoneMax,581,https://example-store.com/phonemax-10000mah
2026-06-25,10000mAh USB-C Fast Charging Power Bank,PhoneMax,594,https://example-store.com/phonemax-10000mah
2026-06-26,10000mAh USB-C Fast Charging Power Bank,PhoneMax,588,https://example-store.com/phonemax-10000mah
2026-06-27,10000mAh USB-C Fast Charging Power Bank,PhoneMax,596,https://example-store.com/phonemax-10000mah
2026-06-28,10000mAh USB-C Fast Charging Power Bank,PhoneMax,594,https://example-store.com/phonemax-10000mah
2026-06-29,10000mAh USB-C Fast Charging Power Bank,PhoneMax,589,https://example-store.com/phonemax-10000mah
2026-06-30,10000mAh USB-C Fast Charging Power Bank,PhoneMax,583,https://example-store.com/phonemax-10000mah
2026-07-01,10000mAh USB-C Fast Charging Power Bank,PhoneMax,577,https://example-store.com/phonemax-10000mah
2026-07-02,10000mAh USB-C Fast Charging Power Bank,PhoneMax,586,https://example-store.com/phonemax-10000mah
2026-07-03,10000mAh USB-C Fast Charging Power Bank,PhoneMax,598,https://example-store.com/phonemax-10000mah
2026-07-04,10000mAh USB-C Fast Charging Power Bank,PhoneMax,592,https://example-store.com/phonemax-10000mah
2026-07-05,10000mAh USB-C Fast Charging Power Bank,PhoneMax,579,https://example-store.com/phonemax-10000mah
2026-07-06,10000mAh USB-C Fast Charging Power Bank,PhoneMax,592,https://example-store.com/phonemax-10000mah
2026-07-07,10000mAh USB-C Fast Charging Power Bank,PhoneMax,593,https://example-store.com/phonemax-10000mah
2026-07-08,10000mAh USB-C Fast Charging Power Bank,PhoneMax,582,https://example-store.com/phonemax-10000mah
2026-07-09,10000mAh USB-C Fast Charging Power Bank,PhoneMax,591,https://example-store.com/phonemax-10000mah
2026-07-10,10000mAh USB-C Fast Charging Power Bank,PhoneMax,591,https://example-store.com/phonemax-10000mah
2026-07-11,10000mAh USB-C Fast Charging Power Bank,PhoneMax,580,https://example-store.com/phonemax-10000mah
2026-07-12,10000mAh USB-C Fast Charging Power Bank,PhoneMax,593,https://example-store.com/phonemax-10000mah
2026-07-13,10000mAh USB-C Fast Charging Power Bank,PhoneMax,595,https://example-store.com/phonemax-10000mah
2026-07-14,10000mAh USB-C Fast Charging Power Bank,PhoneMax,600,https://example-store.com/phonemax-10000mah
2026-07-15,10000mAh USB-C Fast Charging Power Bank,PhoneMax,599,https://example-store.com/phonemax-10000mah
2026-07-16,10000mAh USB-C Fast Charging Power Bank,PhoneMax,578,https://example-store.com/phonemax-10000mah
2026-07-17,10000mAh USB-C Fast Charging Power Bank,PhoneMax,582,https://example-store.com/phonemax-10000mah
2026-07-18,10000mAh USB-C Fast Charging Power Bank,PhoneMax,595,https://example-store.com/phonemax-10000mah
2026-07-19,10000mAh USB-C Fast Charging Power Bank,PhoneMax,595,https://example-store.com/phonemax-10000mah
2026-07-20,10000mAh USB-C Fast Charging Power Bank,PhoneMax,595,https://example-store.com/phonemax-10000mah
2026-07-21,10000mAh USB-C Fast Charging Power Bank,PhoneMax,624,https://example-store.com/phonemax-10000mah
2026-07-22,10000mAh USB-C Fast Charging Power Bank,PhoneMax,595,https://example-store.com/phonemax-10000mah
2026-07-23,10000mAh USB-C Fast Charging Power Bank,PhoneMax,600,https://example-store.com/phonemax-10000mah
2026-07-24,10000mAh USB-C Fast Charging Power Bank,PhoneMax,598,https://example-store.com/phonemax-10000mah
2026-07-25,10000mAh USB-C Fast Charging Power Bank,PhoneMax,596,https://example-store.com/phonemax-10000mah
2026-07-26,10000mAh USB-C Fast Charging Power Bank,PhoneMax,587,https://example-store.com/phonemax-10000mah
2026-07-27,10000mAh USB-C Fast Charging Power Bank,PhoneMax,597,https://example-store.com/phonemax-10000mah
2026-07-28,10000mAh USB-C Fast Charging Power Bank,PhoneMax,583,https://example-store.com/phonemax-10000mah
2026-07-29,10000mAh USB-C Fast Charging Power Bank,PhoneMax,588,https://example-store.com/phonemax-10000mah
2026-07-30,10000mAh USB-C Fast Charging Power Bank,PhoneMax,586,https://example-store.com/phonemax-10000mah
2026-07-31,10000mAh USB-C Fast Charging Power Bank,PhoneMax,591,https://example-store.com/phonemax-10000mah
2026-08-01,10000mAh USB-C Fast Charging Power Bank,PhoneMax,610,https://example-store.com/phonemax-10000mah
2026-08-02,10000mAh USB-C Fast Charging Power Bank,PhoneMax,573,https://example-store.com/phonemax-10000mah
2026-08-03,10000mAh USB-C Fast Charging Power Bank,PhoneMax,596,https://example-store.com/phonemax-10000mah
2026-08-04,10000mAh USB-C Fast Charging Power Bank,PhoneMax,576,https://example-store.com/phonemax-10000mah
2026-08-05,10000mAh USB-C Fast Charging Power Bank,PhoneMax,586,https://example-store.com/phonemax-10000mah
2026-08-06,10000mAh USB-C Fast Charging Power Bank,PhoneMax,600,https://example-store.com/phonemax-10000mah
2026-08-07,10000mAh USB-C Fast Charging Power Bank,PhoneMax,591,https://example-store.com/phonemax-10000mah
2026-08-08,10000mAh USB-C Fast Charging Power Bank,PhoneMax,580,https://example-store.com/phonemax-10000mah
2026-08-09,10000mAh USB-C Fast Charging Power Bank,PhoneMax,584,https://example-store.com/phonemax-10000mah
2026-08-10,10000mAh USB-C Fast Charging Power Bank,PhoneMax,596,https://example-store.com/phonemax-10000mah
2026-08-11,10000mAh USB-C Fast Charging Power Bank,PhoneMax,584,https://example-store.com/phonemax-10000mah
2026-08-12,10000mAh USB-C Fast Charging Power Bank,PhoneMax,592,https://example-store.com/phonemax-10000mah
2026-08-13,10000mAh USB-C Fast Charging Power Bank,PhoneMax,590,https://example-store.com/phonemax-10000mah
2026-08-14,10000mAh USB-C Fast Charging Power Bank,PhoneMax,584,https://example-store.com/phonemax-10000mah
2026-08-15,10000mAh USB-C Fast Charging Power Bank,PhoneMax,609,https://example-store.com/phonemax-10000mah
2026-08-16,10000mAh USB-C Fast Charging Power Bank,PhoneMax,596,https://example-store.com/phonemax-10000mah
2026-08-17,10000mAh USB-C Fast Charging Power Bank,PhoneMax,572,https://example-store.com/phonemax-10000mah
2026-08-18,10000mAh USB-C Fast Charging Power Bank,PhoneMax,592,https://example-store.com/phonemax-10000mah
2026-08-19,10000mAh USB-C Fast Charging Power Bank,PhoneMax,584,https://example-store.com/phonemax-10000mah
2026-08-20,10000mAh USB-C Fast Charging Power Bank,PhoneMax,598,https://example-store.com/phonemax-10000mah
